{"best_solution": [[[0.15395007553708007, 0.44938501030923, 0.16841054378370757, 0.19972584698389428, 0.13879200966446548, 0.08443114118869946, 0.3289012540068924, 0.056563052358647684, 0.6742423108044886, 0.16917512210769386, -0.4131067466860642, 0.11736274302582998, -0.014850241320167164, -0.21440163906283838, 0.407013151163663, 0.4684954135976649], [-0.26163662524886055, -0.15881098531290233, -0.25272103125056156, -0.2267339894037806, -0.24507209128445534, -0.2637421651276411, -0.2015046565844336, -0.27178632432403504, -0.12824123218724928, -0.2725570429647773, -0.4207680226615984, -0.27737003478920763, -0.29963381123280175, -0.33913647385530343, -0.1985334638082067, -0.16539793188713559]], [[-0.1576778941472961, 0.8726885144918989]]], "structure": [16, 2, 1]}